FullName,Name,AccountExpires,Description
Abdul Meyers,ameyers,5/5/2022,xyz
Vernon Taylor,vtaylor,5/5/2022,xyz
Clementine Jefferson,cjefferson,5/5/2022,xyz
Brenna Patton,bpatton,5/5/2022,xyz
Jane Bolton,jbolton,5/5/2022,xyz
Zane Johns,zjohns,5/5/2022,xyz
Zena Lane,zlane,5/5/2022,xyz
Chandler Moore,cmoore,5/5/2022,xyz
Samuel Coffey,scoffey,5/5/2022,xyz
Harding Herrera,hherrera,5/5/2022,xyz
Renee Chang,rchang,5/5/2022,xyz
Colt Witt,cwitt,5/5/2022,xyz
Francis Melendez,fmelendez,5/5/2022,xyz
Calvin Hoffman,choffman,5/5/2022,xyz
Sybil Farmer,sfarmer,5/5/2022,xyz
Ebony Cameron,ecameron,5/5/2022,xyz
Anthony Mullen,amullen,5/5/2022,xyz
Signe Burnett,sburnett,5/5/2022,xyz
Althea Chen,achen,5/5/2022,xyz
Lillian Shepherd,lshepherd,5/5/2022,xyz
